"tax","religion","free_election","state_aid","civil_rights","women","posterior_C1","posterior_C2","posterior_C3","pred_class"
"5","1","5","5","8","8",0.093,0.882,0.024,2
"1","1","10","2","10","10",0,0,1,3
"5","10","10","10","8","10",0.002,0,0.998,3
"6","3","9","9","9","7",0.998,0,0.002,1
"10","10","10","10","10","5",0,0,1,3
"5","1","8","5","8","8",0.941,0.011,0.048,1
"6","2","9","9","5","9",0.997,0,0.003,1
"5","5","5","5","5","10",0,1,0,2
"9","6","10","10","9","10",0.046,0,0.954,3
"4","3","9","8","8","8",0.999,0,0.001,1
"10","1","10","10","10","10",0,0,1,3
"5","1","10","4","9","10",0.015,0,0.985,3
"1","5","10","3","8","9",0.348,0.001,0.651,3
"3","3","10","2","10","10",0.003,0,0.997,3
"5","4","1","2","10","10",0.006,0,0.994,3
"6","1","10","5","7","10",0.031,0,0.969,3
"5","5","7","7","7","8",1,0,0,1
"5","5","10","6","10","10",0.014,0.003,0.983,3
"4","1","10","5","10","10",0.001,0,0.999,3
"3","1","1","1","1","1",0,0,1,3
"7","1","9","9","10","10",0.012,0,0.988,3
"8","6","6","4","7","10",0.997,0,0.003,1
"4","5","7","4","6","7",1,0,0,1
"5","1","8","3","9","9",0.951,0,0.049,1
"8","2","10","7","10","10",0.006,0,0.994,3
"5","5","3","4","6","6",0.944,0.056,0,1
"6","6","6","7","7","9",1,0,0,1
"6","5","9","8","6","9",0.999,0,0.001,1
"5","6","7","6","9","9",1,0,0,1
"5","5","8","3","7","7",0.993,0.006,0,1
"4","1","8","7","7","10",0.894,0,0.106,1
"5","5","5","5","5","5",0,1,0,2
"6","3","9","6","10","10",0.293,0,0.707,3
"10","1","2","4","9","9",0.108,0,0.892,3
"4","4","4","4","5","5",0.927,0.073,0,1
"4","4","4","4","4","4",0.99,0.01,0,1
"6","1","10","10","10","10",0,0,1,3
"5","2","9","5","10","10",0.089,0,0.911,3
"5","2","10","9","9","10",0.211,0,0.789,3
"9","1","10","8","10","10",0,0,1,3
"3","5","7","5","2","6",0.999,0,0.001,1
"3","7","7","7","6","5",1,0,0,1
"10","10","10","10","1","1",0,0,1,3
"2","2","10","10","7","10",0.008,0,0.992,3
"1","10","10","5","10","10",0,0,1,3
"4","1","10","6","10","10",0.001,0,0.999,3
"5","5","5","5","5","5",0,1,0,2
"2","1","10","10","10","10",0,0,1,3
"10","10","10","10","10","10",0,0,1,3
"5","2","8","3","9","10",0.925,0,0.075,1
"8","1","10","7","10","9",0.009,0,0.991,3
"5","4","6","5","5","6",0.26,0.74,0,2
"6","2","9","4","8","9",0.993,0,0.007,1
"5","4","5","7","5","10",0.977,0,0.022,1
"2","6","6","7","7","7",1,0,0,1
"1","1","10","8","8","8",0.031,0,0.969,3
"5","5","6","6","6","5",0.099,0.901,0,2
"1","4","9","7","7","9",0.994,0,0.006,1
"4","2","2","4","5","9",0.985,0,0.015,1
"1","8","10","1","7","10",0,0,1,3
"1","9","9","10","8","10",0.027,0,0.973,3
"7","1","10","7","9","10",0.015,0,0.985,3
"3","2","10","2","10","10",0.001,0,0.999,3
"8","3","10","5","6","8",0.972,0,0.028,1
"8","2","8","8","5","8",0.999,0,0.001,1
"8","1","10","8","10","10",0,0,1,3
"9","6","6","6","7","7",0.999,0,0,1
"7","1","10","8","10","10",0,0,1,3
"2","5","10","10","9","9",0.111,0,0.889,3
"10","1","10","10","10","10",0,0,1,3
"1","1","10","7","10","9",0.001,0,0.999,3
"6","1","10","4","10","10",0,0,1,3
"5","5","6","6","5","7",0.213,0.787,0,2
"2","2","10","5","8","10",0.037,0,0.963,3
"5","1","10","4","8","8",0.282,0,0.718,3
"6","1","10","9","10","10",0.001,0,0.999,3
"8","1","10","10","1","10",0,0,1,3
"6","1","10","7","10","10",0,0,1,3
"5","5","5","5","5","5",0,1,0,2
"4","5","3","3","7","7",0.978,0.022,0,1
"10","1","10","1","10","10",0,0,1,3
"8","1","10","4","10","10",0,0,1,3
"5","1","9","4","9","8",0.905,0,0.095,1
"1","1","1","1","10","10",0,0,1,3
"8","8","8","9","5","5",1,0,0,1
"1","1","10","1","10","10",0,0,1,3
"8","1","10","1","10","10",0,0,1,3
"8","8","1","1","1","1",0,0,1,3
"3","3","10","8","9","9",0.925,0,0.075,1
"3","3","10","4","10","10",0.013,0,0.987,3
"5","1","10","10","10","10",0,0,1,3
"5","1","10","4","4","7",0.29,0.002,0.708,3
"8","1","10","4","3","10",0.015,0,0.985,3
"2","1","10","3","10","10",0,0,1,3
"6","6","9","9","9","10",0.975,0,0.025,1
"3","1","10","10","10","10",0,0,1,3
"7","7","10","7","7","10",0.611,0,0.389,1
"5","5","10","5","8","10",0.2,0.09,0.71,3
"1","1","10","1","10","10",0,0,1,3
"6","6","6","6","5","5",0.753,0.247,0,1
"5","5","5","5","5","5",0,1,0,2
"5","3","9","7","8","9",0.997,0,0.003,1
"10","5","10","6","10","10",0.002,0,0.998,3
"7","5","8","7","7","8",1,0,0,1
"5","5","5","5","5","5",0,1,0,2
"5","4","4","4","2","9",0.999,0.001,0,1
"5","2","8","5","6","7",0.999,0,0.001,1
"1","1","10","5","10","10",0,0,1,3
"7","7","7","7","8","8",0.999,0,0.001,1
"7","5","8","5","8","8",0.997,0.001,0.002,1
"5","5","5","5","5","5",0,1,0,2
"2","1","10","7","8","10",0.004,0,0.996,3
"1","1","1","1","1","1",0,0,1,3
"1","1","10","10","5","7",0.003,0,0.997,3
"2","1","10","8","10","10",0,0,1,3
"1","1","10","6","10","10",0,0,1,3
"1","1","10","1","5","10",0,0,1,3
"1","1","10","3","10","10",0,0,1,3
"6","4","10","10","10","10",0.001,0,0.999,3
"5","5","5","5","1","4",0,1,0,2
"5","1","10","5","10","10",0,0,1,3
"3","6","4","4","5","5",0.99,0.01,0,1
"4","1","10","8","10","10",0.001,0,0.999,3
"7","1","9","5","10","10",0.006,0,0.994,3
"8","1","10","10","10","10",0,0,1,3
"9","1","10","8","10","10",0,0,1,3
"8","1","10","1","10","10",0,0,1,3
"1","2","10","7","10","8",0.013,0,0.987,3
"1","1","10","1","10","10",0,0,1,3
"5","2","10","10","9","7",0.199,0,0.801,3
"6","6","6","6","6","6",0.999,0.001,0,1
"1","1","10","5","9","10",0.001,0,0.999,3
"6","5","5","6","4","5",0.009,0.991,0,2
"8","1","10","6","10","10",0,0,1,3
"1","1","1","1","10","10",0,0,1,3
"3","4","3","5","3","3",0.939,0.059,0.001,1
"2","2","10","7","10","10",0.002,0,0.998,3
"9","3","8","7","1","9",0.991,0,0.009,1
"1","1","10","5","10","5",0,0.002,0.998,3
"1","5","5","10","10","10",0.001,0.018,0.981,3
"5","5","3","3","5","4",0.023,0.977,0,2
"6","3","9","5","9","10",0.895,0,0.105,1
"1","1","5","7","10","10",0.001,0,0.999,3
"2","1","10","3","10","10",0,0,1,3
"8","9","8","8","7","8",1,0,0,1
"3","1","9","9","10","10",0.01,0,0.99,3
"10","1","10","10","10","10",0,0,1,3
"1","1","10","5","10","10",0,0,1,3
"5","5","10","3","9","10",0.236,0,0.764,3
"6","5","7","9","5","9",1,0,0,1
"2","4","4","7","6","6",1,0,0,1
"1","1","10","5","1","1",0,0,1,3
"2","1","1","1","1","1",0,0,1,3
"1","1","8","4","10","10",0.003,0,0.997,3
"10","3","10","10","10","10",0,0,1,3
"1","7","10","1","9","5",0,0,1,3
"1","1","1","1","2","2",0,0,1,3
"4","2","10","4","9","7",0.927,0,0.073,1
"7","5","5","7","7","7",0.999,0,0.001,1
"8","5","10","10","1","10",0.002,0,0.998,3
"3","1","10","4","10","10",0,0,1,3
"4","8","2","3","10","10",0.055,0,0.945,3
"7","7","7","8","7","8",1,0,0,1
"4","4","4","4","3","9",1,0,0,1
"6","2","10","7","9","10",0.202,0,0.798,3
"8","2","10","7","9","9",0.833,0,0.167,1
"1","1","10","10","10","10",0,0,1,3
"1","1","10","7","10","10",0,0,1,3
"1","6","10","10","10","10",0,0,1,3
"1","1","10","10","10","10",0,0,1,3
"6","5","10","9","9","10",0.366,0,0.634,3
"6","6","6","6","9","10",0.992,0,0.008,1
"1","1","10","6","10","10",0,0,1,3
"6","1","10","3","10","10",0,0,1,3
"5","1","10","4","8","9",0.262,0,0.738,3
"3","2","10","7","7","9",0.94,0,0.06,1
"10","1","10","9","10","10",0,0,1,3
"5","5","10","7","10","10",0.014,0,0.986,3
"4","3","10","10","5","9",0.707,0.001,0.292,1
"6","4","8","5","10","10",0.64,0.001,0.359,1
"5","2","10","8","9","10",0.203,0,0.797,3
"7","1","10","5","10","10",0,0,1,3
"7","1","10","6","10","10",0,0,1,3
"7","1","10","6","8","8",0.28,0,0.72,3
"5","5","10","6","7","10",0.595,0.026,0.379,1
"6","3","10","9","10","8",0.35,0,0.65,3
"1","1","10","1","8","10",0,0,1,3
"5","5","5","5","5","5",0,1,0,2
"10","10","5","5","6","5",0.002,0.998,0,2
"6","1","10","5","10","10",0,0,1,3
"6","5","10","9","10","10",0.017,0,0.983,3
"5","9","10","5","9","10",0.202,0,0.798,3
"8","1","10","5","10","10",0,0,1,3
"4","5","5","5","1","3",0.001,0.999,0,2
"5","2","10","3","10","10",0.004,0,0.996,3
"5","1","10","7","10","10",0,0,1,3
"4","5","5","5","7","10",0.041,0.958,0.001,2
"10","10","10","10","10","10",0,0,1,3
"2","1","10","10","10","10",0,0,1,3
"6","1","10","3","9","10",0.01,0,0.99,3
"4","6","10","6","8","7",0.986,0,0.014,1
"10","1","10","9","10","10",0,0,1,3
"5","1","9","4","2","10",0.212,0.001,0.787,3
"4","4","9","9","9","10",0.985,0,0.015,1
"10","5","8","6","5","7",0.962,0.035,0.003,1
"1","1","1","5","5","5",0.006,0.788,0.207,2
"5","5","5","5","4","4",0,1,0,2
"3","7","8","6","8","8",0.999,0,0.001,1
"3","3","9","2","1","10",0.198,0,0.802,3
"6","1","10","6","10","8",0.012,0,0.988,3
"10","1","10","10","10","10",0,0,1,3
"5","4","5","5","3","3",0.009,0.991,0,2
"1","1","10","5","10","10",0,0,1,3
"5","2","10","6","9","10",0.189,0,0.811,3
"2","1","10","2","10","10",0,0,1,3
"10","6","10","10","8","7",0.15,0,0.85,3
"3","3","7","7","6","8",1,0,0,1
"5","3","8","4","9","9",0.999,0,0.001,1
"8","1","10","5","5","5",0.277,0,0.723,3
"5","3","8","5","9","9",0.999,0,0.001,1
"5","1","10","10","1","10",0,0,1,3
"2","1","10","10","10","10",0,0,1,3
"4","2","8","7","9","8",0.999,0,0.001,1
"4","4","4","7","7","7",1,0,0,1
"2","1","10","2","10","10",0,0,1,3
"3","2","10","7","6","10",0.463,0,0.537,3
"2","3","10","6","10","10",0.005,0,0.995,3
"5","3","3","5","5","4",0.066,0.934,0,2
"7","7","7","7","7","7",1,0,0,1
"5","1","10","6","8","10",0.015,0,0.985,3
"5","4","10","6","9","9",0.966,0,0.034,1
"1","1","10","8","10","10",0,0,1,3
"2","7","10","10","8","9",0.109,0,0.891,3
"6","2","8","8","9","5",0.998,0,0.002,1
"7","4","10","4","10","10",0.032,0,0.968,3
"1","2","3","4","1","5",0.648,0,0.352,1
"8","2","10","10","9","10",0.008,0,0.992,3
"2","1","10","3","10","10",0,0,1,3
"10","5","6","8","4","4",1,0,0,1
"2","1","10","7","10","10",0,0,1,3
"5","2","8","7","7","7",0.999,0,0.001,1
"5","1","10","8","10","10",0,0,1,3
"9","5","5","5","10","10",0.015,0.862,0.123,2
"8","7","6","7","10","10",0.523,0,0.477,1
"10","5","10","10","10","10",0,0,1,3
"10","6","1","10","10","10",0,0,1,3
"4","4","5","3","5","7",0.5,0.5,0,2
"6","1","10","1","10","10",0,0,1,3
"5","5","6","6","8","10",0.795,0.185,0.019,1
"3","3","9","8","8","8",0.997,0,0.003,1
"5","5","5","5","5","7",0.001,0.999,0,2
"3","1","10","1","10","9",0,0,1,3
"5","5","5","5","10","10",0.002,0.986,0.012,2
"1","1","10","2","10","10",0,0,1,3
"6","1","10","4","10","10",0,0,1,3
"4","4","4","4","2","2",0.999,0.001,0,1
"5","1","10","10","10","10",0,0,1,3
"4","4","7","6","8","8",1,0,0,1
"8","1","10","8","10","10",0,0,1,3
"10","1","10","10","10","10",0,0,1,3
"7","7","8","7","7","10",0.992,0,0.008,1
"5","5","10","10","10","10",0.001,0,0.999,3
"4","5","5","5","5","5",0,1,0,2
"5","6","10","6","10","10",0.037,0,0.962,3
"2","8","3","7","7","5",0.998,0,0.002,1
"7","1","10","5","9","10",0.009,0,0.991,3
"5","1","10","8","10","10",0,0,1,3
"8","1","10","9","10","10",0,0,1,3
"8","1","10","10","1","10",0,0,1,3
"6","1","9","7","10","8",0.235,0,0.765,3
"7","5","7","6","7","9",1,0,0,1
"2","1","10","6","10","10",0,0,1,3
"7","1","10","7","10","10",0,0,1,3
"1","1","10","1","10","5",0,0,1,3
"6","1","10","10","10","10",0,0,1,3
"4","4","4","4","4","8",0.999,0.001,0,1
"6","4","8","8","7","7",1,0,0,1
"4","1","10","4","10","10",0.001,0,0.999,3
"5","1","10","7","10","10",0,0,1,3
"5","1","1","10","10","10",0,0,1,3
"6","4","10","5","9","10",0.427,0,0.573,3
"1","9","1","2","10","10",0,0,1,3
"7","2","7","7","7","7",1,0,0,1
"5","5","5","5","5","5",0,1,0,2
"5","5","10","7","8","6",0.942,0,0.058,1
"1","1","10","1","5","9",0,0,1,3
"1","1","10","5","10","10",0,0,1,3
"6","1","10","6","10","10",0,0,1,3
"3","3","10","4","9","10",0.312,0,0.688,3
"7","5","9","9","8","9",0.997,0,0.003,1
"10","1","5","1","9","1",0,0,1,3
"1","1","10","2","10","10",0,0,1,3
"6","1","10","8","10","10",0.001,0,0.999,3
"2","2","10","2","9","9",0.25,0,0.75,3
"7","1","10","2","10","10",0,0,1,3
"1","1","10","9","8","10",0.001,0,0.999,3
"6","5","10","3","8","10",0.243,0.001,0.756,3
"1","1","10","1","10","10",0,0,1,3
"4","1","10","7","10","10",0.001,0,0.999,3
"6","1","10","7","10","10",0,0,1,3
"1","1","10","1","10","10",0,0,1,3
"9","1","10","8","10","10",0,0,1,3
"8","1","10","1","10","10",0,0,1,3
"6","3","10","6","6","8",0.986,0,0.014,1
"5","5","8","5","7","7",0.927,0.073,0,1
"9","9","9","9","9","9",0.996,0,0.004,1
"1","1","10","8","8","10",0.001,0,0.999,3
"1","1","10","4","10","10",0,0,1,3
"1","1","10","9","2","9",0.023,0,0.977,3
"9","5","10","7","7","5",0.97,0,0.03,1
"3","3","10","5","8","10",0.215,0,0.785,3
"1","3","4","4","3","6",0.999,0.001,0,1
"2","3","10","2","9","6",0.53,0,0.47,1
"10","7","10","10","10","10",0,0,1,3
"1","4","10","6","6","8",0.908,0,0.091,1
"1","1","10","5","10","9",0,0,1,3
"8","4","10","3","6","8",0.987,0,0.013,1
"4","4","4","4","6","6",1,0,0,1
"10","10","1","9","10","10",0,0,1,3
"9","8","8","9","10","10",0.594,0,0.406,1
"10","5","7","8","10","10",0.184,0,0.816,3
"5","3","7","7","5","8",1,0,0,1
"2","1","10","1","6","10",0,0,1,3
"6","5","5","5","5","5",0,1,0,2
"3","1","10","3","10","10",0,0,1,3
"5","6","5","6","6","5",0.085,0.915,0,2
"2","2","10","6","8","9",0.607,0,0.393,1
"8","1","10","5","7","9",0.386,0,0.614,3
"7","6","10","3","7","9",0.985,0,0.015,1
"1","1","10","5","1","7",0.002,0.001,0.998,3
"6","2","10","7","9","9",0.86,0,0.14,1
"8","4","10","6","10","10",0.029,0,0.971,3
"1","1","10","2","10","10",0,0,1,3
"6","1","10","6","10","10",0,0,1,3
"6","6","10","5","7","9",0.985,0,0.015,1
"7","6","7","7","8","8",1,0,0,1
"5","2","10","5","10","10",0.004,0,0.996,3
"1","5","10","1","10","10",0,0,1,3
"4","3","7","3","8","9",1,0,0,1
"5","1","10","10","10","10",0,0,1,3
"7","1","10","7","10","10",0,0,1,3
"10","1","10","9","10","10",0,0,1,3
"9","1","9","9","9","9",0.903,0,0.097,1
"5","1","10","6","9","10",0.015,0,0.985,3
"5","6","8","2","7","8",1,0,0,1
"3","2","10","7","8","9",0.825,0,0.175,1
"5","3","9","8","9","9",0.997,0,0.003,1
"7","2","9","9","10","10",0.154,0,0.846,3
"1","2","4","3","1","5",1,0,0,1
"7","1","10","5","10","10",0,0,1,3
"6","7","9","5","9","9",0.994,0,0.006,1
"7","3","7","7","10","10",0.655,0,0.345,1
"1","3","6","5","6","9",0.989,0.007,0.004,1
"5","4","9","6","10","8",0.956,0.001,0.043,1
"8","1","10","10","10","10",0,0,1,3
"7","7","7","7","7","7",1,0,0,1
"10","1","10","10","10","10",0,0,1,3
"3","1","10","7","10","10",0,0,1,3
"5","2","7","6","5","6",1,0,0,1
"1","1","9","3","10","10",0,0,1,3
"9","1","10","8","10","10",0,0,1,3
"5","4","8","5","8","9",0.999,0.001,0.001,1
"7","5","9","6","8","8",0.996,0,0.003,1
"1","1","10","1","5","10",0,0,1,3
"7","7","8","7","7","9",1,0,0,1
"7","6","10","7","10","10",0.037,0,0.963,3
"5","1","2","3","9","8",0.409,0,0.591,3
"5","5","8","7","9","4",1,0,0,1
"3","1","10","1","10","10",0,0,1,3
"1","1","10","1","10","10",0,0,1,3
"7","5","5","8","8","6",0.996,0,0.004,1
"5","1","10","5","10","10",0,0,1,3
"2","7","10","2","7","10",0.085,0,0.915,3
"2","2","10","4","10","10",0.002,0,0.998,3
"5","2","10","9","9","10",0.211,0,0.789,3
"7","4","10","8","10","10",0.035,0,0.965,3
"2","1","10","1","10","10",0,0,1,3
"5","3","10","6","7","9",0.978,0,0.022,1
"2","1","10","1","10","10",0,0,1,3
"10","5","10","10","10","5",0.002,0.002,0.996,3
"3","1","10","7","10","10",0,0,1,3
"5","5","5","5","7","8",0.019,0.981,0,2
"7","9","9","5","8","7",0.994,0,0.006,1
"6","4","8","3","8","9",0.999,0,0.001,1
"1","7","10","2","10","10",0,0,1,3
"3","1","10","2","7","10",0.009,0,0.991,3
"1","2","10","5","10","10",0,0,1,3
"8","1","8","8","9","10",0.537,0,0.463,1
"7","1","10","7","10","10",0,0,1,3
"8","6","6","7","7","9",1,0,0,1
"1","8","10","2","10","10",0,0,1,3
"4","1","10","2","10","10",0,0,1,3
"6","6","6","6","6","6",0.999,0.001,0,1
"6","2","10","7","10","10",0.007,0,0.993,3
"5","1","10","8","10","10",0,0,1,3
"6","1","10","6","10","10",0,0,1,3
"5","1","10","5","10","10",0,0,1,3
"3","6","10","4","9","9",0.963,0,0.037,1
"1","1","10","4","10","10",0,0,1,3
"8","4","8","5","6","9",1,0,0,1
"5","2","10","8","10","10",0.007,0,0.993,3
"3","3","10","8","10","10",0.015,0,0.985,3
"5","5","6","3","5","5",0.007,0.993,0,2
"10","1","10","10","10","10",0,0,1,3
"4","5","4","5","2","3",0.075,0.925,0,2
"7","2","10","7","10","10",0.007,0,0.993,3
"6","1","10","4","9","10",0.015,0,0.985,3
"2","2","10","10","10","10",0,0,1,3
"2","2","10","3","10","10",0.001,0,0.999,3
"1","1","10","1","10","10",0,0,1,3
"6","1","10","6","10","10",0,0,1,3
"7","3","8","8","6","7",1,0,0,1
"2","1","10","3","10","10",0,0,1,3
"5","1","10","5","10","10",0,0,1,3
"7","1","10","7","10","10",0,0,1,3
"1","1","10","6","10","10",0,0,1,3
"2","1","10","2","10","10",0,0,1,3
"1","1","10","1","10","10",0,0,1,3
"6","2","7","3","5","9",0.999,0,0.001,1
"2","2","10","1","10","10",0,0,1,3
"8","1","10","7","9","10",0.013,0,0.987,3
"2","4","9","9","9","8",0.996,0,0.004,1
"2","1","10","3","10","10",0,0,1,3
"6","6","6","6","6","6",0.999,0.001,0,1
"6","1","10","6","10","10",0,0,1,3
"5","1","10","5","10","10",0,0,1,3
"7","1","10","6","10","10",0,0,1,3
"6","5","7","8","6","10",0.996,0,0.004,1
"6","3","8","8","10","10",0.608,0,0.392,1
"8","1","10","7","10","10",0,0,1,3
"5","3","7","4","7","8",1,0,0,1
"4","1","10","6","10","10",0.001,0,0.999,3
"1","1","10","7","10","10",0,0,1,3
"5","5","5","5","5","6",0,1,0,2
"5","3","10","7","10","10",0.017,0,0.983,3
"2","3","10","1","4","10",0,0,1,3
"5","5","5","5","5","5",0,1,0,2
"1","1","10","3","10","10",0,0,1,3
"1","1","10","7","10","10",0,0,1,3
"5","5","5","5","5","5",0,1,0,2
"1","1","10","1","10","10",0,0,1,3
"8","1","10","3","10","10",0,0,1,3
"3","9","3","3","6","10",0.98,0,0.02,1
"5","5","10","5","10","10",0.008,0.021,0.971,3
"5","2","9","9","9","10",0.864,0,0.136,1
"6","2","8","6","8","10",0.952,0,0.048,1
"8","8","8","6","5","10",0.989,0,0.011,1
"7","2","8","8","10","10",0.371,0,0.629,3
"3","5","3","7","3","8",0.998,0,0.002,1
"5","4","6","7","6","7",1,0,0,1
"9","1","10","5","10","10",0,0,1,3
"10","5","1","10","10","10",0,0,1,3
"6","1","10","7","10","10",0,0,1,3
"5","2","10","6","8","10",0.187,0,0.813,3
"6","3","10","6","8","10",0.369,0,0.631,3
"4","10","1","4","1","1",0.011,0,0.989,3
"1","1","10","5","10","10",0,0,1,3
"5","1","10","5","10","10",0,0,1,3
"8","8","10","7","10","10",0.015,0,0.985,3
"7","2","10","3","7","10",0.327,0,0.673,3
"5","5","5","5","5","5",0,1,0,2
"8","4","8","4","8","9",0.999,0,0.001,1
"5","5","5","5","5","10",0,1,0,2
"5","3","8","7","10","10",0.58,0,0.42,1
"5","5","5","5","5","5",0,1,0,2
"6","1","10","6","10","10",0,0,1,3
"10","1","6","9","7","1",0.462,0,0.538,3
"10","1","10","10","10","10",0,0,1,3
"7","1","10","3","10","10",0,0,1,3
"8","3","10","9","10","10",0.016,0,0.984,3
"5","8","10","5","6","10",0.602,0,0.398,1
"7","1","10","4","10","10",0,0,1,3
"10","1","10","10","10","10",0,0,1,3
"1","1","10","5","10","10",0,0,1,3
"7","1","10","6","9","10",0.014,0,0.986,3
"2","1","10","1","8","10",0,0,1,3
"2","1","10","4","10","10",0,0,1,3
"3","1","9","7","9","9",0.881,0,0.119,1
"6","1","10","4","9","10",0.015,0,0.985,3
"7","1","10","10","8","10",0.001,0,0.999,3
"10","10","10","10","10","10",0,0,1,3
"8","8","10","4","8","9",0.921,0,0.079,1
"10","5","10","10","10","10",0,0,1,3
"1","1","10","1","10","10",0,0,1,3
"3","1","10","2","10","10",0,0,1,3
"5","5","5","5","3","5",0,1,0,2
"2","2","9","7","9","9",0.975,0,0.025,1
"1","1","10","4","10","10",0,0,1,3
"5","1","9","7","10","10",0.011,0,0.989,3
"5","5","5","5","5","5",0,1,0,2
"5","3","10","6","10","10",0.016,0,0.984,3
"2","4","10","7","8","10",0.247,0,0.753,3
"6","1","10","5","10","9",0.007,0,0.993,3
"7","1","10","4","10","7",0.011,0,0.989,3
"5","1","10","5","5","5",0.017,0.945,0.038,2
"2","9","9","3","9","7",0.98,0,0.02,1
"1","1","10","10","10","10",0,0,1,3
"6","1","10","6","10","10",0,0,1,3
"5","2","7","7","7","8",1,0,0,1
"1","1","10","1","10","10",0,0,1,3
"8","4","8","8","5","10",0.995,0,0.005,1
"5","5","5","5","5","5",0,1,0,2
"3","1","8","7","6","10",0.82,0,0.18,1
"8","8","10","10","8","10",0.019,0,0.981,3
"1","1","3","4","4","1",0.065,0,0.935,3
"6","1","10","7","10","10",0,0,1,3
"6","5","6","6","5","7",0.781,0.218,0,1
"9","1","8","9","10","10",0.037,0,0.963,3
"5","1","10","6","8","8",0.285,0.001,0.714,3
"1","1","10","5","8","5",0.014,0.009,0.977,3
"5","5","5","5","5","5",0,1,0,2
"5","5","10","10","5","6",0.309,0.474,0.218,2
"4","2","10","3","5","4",1,0,0,1
"6","6","6","6","6","6",0.999,0.001,0,1
"1","1","9","1","1","9",0,0,1,3
"8","8","9","8","8","9",0.997,0,0.003,1
"6","1","10","4","6","10",0.064,0,0.936,3
"5","2","2","7","10","10",0.018,0,0.982,3
"6","6","10","7","8","8",0.974,0,0.026,1
"4","4","5","5","8","5",0.066,0.934,0,2
"7","5","4","4","5","2",0.987,0.013,0,1
"3","7","9","4","10","10",0.212,0,0.788,3
"5","1","10","6","9","10",0.015,0,0.985,3
"5","5","5","5","4","4",0,1,0,2
"1","1","10","5","10","10",0,0,1,3
"3","1","10","6","8","10",0.012,0,0.988,3
"5","2","10","8","8","10",0.2,0,0.8,3
"6","1","9","7","10","9",0.218,0,0.782,3
"6","1","10","10","10","10",0,0,1,3
"1","1","10","10","10","10",0,0,1,3
"2","2","9","3","10","10",0.029,0,0.971,3
"5","2","10","10","10","3",0.007,0,0.993,3
"5","5","5","5","5","5",0,1,0,2
"5","5","7","6","10","10",0.618,0,0.382,1
"3","1","10","3","10","10",0,0,1,3
"7","1","10","8","10","10",0,0,1,3
"7","4","7","7","7","7",1,0,0,1
"7","1","9","5","5","10",0.32,0.005,0.675,3
"1","1","10","1","10","10",0,0,1,3
"1","1","1","3","8","10",0.001,0,0.999,3
"7","1","9","7","9","9",0.897,0,0.103,1
"8","8","8","8","5","5",1,0,0,1
"6","1","10","4","10","10",0,0,1,3
"5","4","8","8","7","8",1,0,0,1
"1","1","10","8","7","8",0.096,0,0.904,3
"6","1","10","10","10","10",0,0,1,3
"7","1","10","7","10","10",0,0,1,3
"6","6","9","7","6","6",1,0,0,1
"3","3","9","3","5","5",0.993,0.004,0.003,1
"7","6","5","6","5","6",0.871,0.128,0.001,1
"7","5","9","7","9","10",0.918,0,0.082,1
"6","4","10","8","10","10",0.038,0,0.962,3
"4","2","9","3","8","9",0.994,0,0.006,1
"5","1","10","10","10","10",0,0,1,3
"1","7","10","1","3","5",0,0,1,3
"5","5","10","6","5","5",0.047,0.951,0.002,2
"2","2","9","4","6","3",0.994,0,0.006,1
"6","1","10","6","7","10",0.05,0,0.95,3
"1","1","10","1","10","10",0,0,1,3
"5","1","10","10","10","10",0,0,1,3
"2","1","9","2","1","2",0.024,0,0.976,3
"4","1","10","4","9","10",0.029,0,0.971,3
"5","5","5","5","5","5",0,1,0,2
"7","6","6","6","6","6",1,0,0,1
"10","1","10","10","5","7",0.005,0,0.995,3
"8","3","10","10","10","10",0.001,0,0.999,3
"10","10","10","10","10","10",0,0,1,3
"5","5","5","5","5","5",0,1,0,2
"5","5","5","5","5","5",0,1,0,2
"10","1","10","10","10","10",0,0,1,3
"6","4","9","6","8","10",0.967,0,0.033,1
"1","5","10","8","10","8",0.029,0,0.971,3
"1","2","10","2","5","9",0.164,0,0.836,3
"3","1","8","2","2","1",0.18,0,0.82,3
"5","3","8","8","5","5",1,0,0,1
"6","6","6","6","5","5",0.753,0.247,0,1
"7","1","10","5","10","10",0,0,1,3
"6","4","10","7","10","9",0.475,0,0.525,3
"7","5","10","5","6","10",0.543,0.011,0.446,1
"10","1","10","10","10","10",0,0,1,3
"1","7","10","10","10","10",0,0,1,3
"4","9","1","6","9","10",0.415,0,0.585,3
"8","9","10","8","9","10",0.283,0,0.717,3
"1","1","10","2","9","10",0,0,1,3
"8","7","8","7","8","10",0.971,0,0.029,1
"4","4","9","5","9","9",0.999,0,0.001,1
"1","1","10","7","10","10",0,0,1,3
"6","8","10","2","10","10",0.004,0,0.996,3
"7","4","8","8","8","10",0.99,0,0.01,1
"3","5","8","5","5","9",0.988,0.011,0.001,1
"6","5","5","4","10","6",0.598,0.326,0.076,1
"1","1","10","1","8","10",0,0,1,3
"8","2","9","4","10","10",0.121,0,0.879,3
"6","1","10","10","10","10",0,0,1,3
"4","8","7","7","5","5",1,0,0,1
"5","2","10","9","9","10",0.211,0,0.789,3
"4","4","7","4","7","7",1,0,0,1
"6","5","1","7","5","2",0.916,0,0.084,1
"10","8","10","8","7","9",0.865,0,0.135,1
"3","2","10","4","9","10",0.159,0,0.841,3
"1","1","10","10","10","7",0,0,1,3
"5","5","5","5","1","4",0,1,0,2
"4","1","10","5","7","8",0.617,0.006,0.377,1
"8","1","10","8","10","10",0,0,1,3
"3","5","10","5","10","10",0.007,0,0.993,3
"7","1","10","5","10","10",0,0,1,3
"5","2","10","6","7","10",0.435,0,0.565,3
"5","5","10","8","10","10",0.015,0,0.985,3
"1","1","10","1","3","10",0,0,1,3
"3","1","10","1","9","6",0,0,1,3
"3","1","10","6","10","10",0,0,1,3
"5","5","10","10","10","10",0.001,0,0.999,3
"8","1","10","10","10","10",0,0,1,3
"5","5","10","8","7","5",0.974,0,0.026,1
"2","1","10","2","8","10",0.001,0,0.999,3
"7","1","10","10","10","10",0,0,1,3
"9","6","8","8","10","9",0.987,0,0.013,1
"3","1","10","5","10","10",0,0,1,3
"7","3","5","10","9","2",0.793,0,0.207,1
"5","5","5","5","6","5",0,1,0,2
"4","2","10","10","10","10",0.001,0,0.999,3
"8","6","10","9","9","8",0.972,0,0.028,1
"1","1","10","7","4","7",0.03,0,0.97,3
"5","5","8","8","7","8",1,0,0,1
"8","3","10","8","7","9",0.977,0,0.023,1
"4","1","10","10","10","10",0,0,1,3
"6","4","10","7","10","10",0.036,0,0.964,3
"7","5","6","6","5","6",0.888,0.111,0,1
"6","4","10","6","8","9",0.967,0,0.033,1
"10","1","10","10","10","10",0,0,1,3
"10","1","10","10","10","10",0,0,1,3
"5","4","8","6","7","9",1,0,0,1
"1","1","10","5","10","10",0,0,1,3
"3","2","10","10","10","10",0,0,1,3
"5","5","5","5","5","5",0,1,0,2
"6","3","9","9","7","10",0.982,0,0.018,1
"10","5","10","10","8","10",0.002,0,0.998,3
"5","2","10","7","8","10",0.191,0,0.809,3
"8","4","10","5","10","8",0.324,0,0.676,3
"6","6","6","6","6","6",0.999,0.001,0,1
"2","1","10","2","10","6",0.001,0,0.999,3
"10","6","10","5","10","7",0.076,0.001,0.924,3
"5","5","5","4","5","5",0.001,0.999,0,2
"3","1","10","8","10","10",0,0,1,3
"5","5","5","5","5","5",0,1,0,2
"6","6","10","10","6","10",0.193,0,0.807,3
"1","1","10","6","10","10",0,0,1,3
"10","3","10","10","9","10",0.003,0,0.997,3
"3","1","10","3","10","10",0,0,1,3
"7","1","10","6","8","10",0.014,0,0.986,3
"4","2","9","3","7","8",0.998,0,0.002,1
"5","5","5","5","5","5",0,1,0,2
"8","4","8","8","7","7",1,0,0,1
"4","4","5","5","5","5",0.002,0.998,0,2
"10","10","10","10","10","10",0,0,1,3
"1","1","1","1","5","5",0,0.059,0.941,3
"4","4","7","4","6","5",1,0,0,1
"5","5","5","5","5","5",0,1,0,2
"7","2","10","8","10","10",0.007,0,0.993,3
"10","7","10","10","10","10",0,0,1,3
"1","1","10","1","9","10",0,0,1,3
"6","4","10","6","10","10",0.035,0,0.965,3
"5","5","5","5","5","5",0,1,0,2
"7","1","10","7","10","10",0,0,1,3
"5","1","10","8","10","10",0,0,1,3
"10","1","10","10","10","10",0,0,1,3
"10","1","10","10","10","10",0,0,1,3
"1","1","10","10","10","10",0,0,1,3
"4","4","9","5","7","10",0.99,0.001,0.009,1
"1","1","10","1","10","10",0,0,1,3
"1","1","10","10","10","10",0,0,1,3
"10","3","9","9","9","2",0.957,0,0.043,1
"1","1","10","6","10","10",0,0,1,3
"8","1","10","7","10","10",0,0,1,3
"4","5","5","5","7","9",0.274,0.726,0,2
"4","6","5","7","3","8",0.999,0,0.001,1
"5","5","5","5","5","4",0,1,0,2
"1","2","10","2","8","9",0.079,0,0.921,3
"5","5","5","5","5","5",0,1,0,2
"8","5","5","6","9","10",0.868,0,0.132,1
"10","1","10","10","10","10",0,0,1,3
"5","10","6","1","5","10",0,0.82,0.18,2
"5","5","5","5","5","5",0,1,0,2
"1","1","10","1","10","10",0,0,1,3
"5","6","5","6","4","4",0.05,0.95,0,2
"3","1","10","7","10","10",0,0,1,3
"1","1","10","5","10","10",0,0,1,3
"1","2","10","2","8","10",0.004,0,0.996,3
"5","5","5","5","5","5",0,1,0,2
"8","4","10","9","9","10",0.537,0,0.463,1
"10","1","10","6","10","10",0,0,1,3
"5","6","8","6","10","10",0.759,0.001,0.239,1
"4","1","10","4","10","9",0.021,0,0.979,3
"6","4","9","4","9","8",0.999,0,0.001,1
"1","1","9","5","5","5",0.136,0.686,0.177,2
"1","1","10","3","8","10",0.001,0,0.999,3
"5","5","7","6","5","8",1,0,0,1
"6","1","10","7","10","10",0,0,1,3
"6","3","10","6","10","10",0.017,0,0.983,3
"7","1","10","10","7","10",0.002,0,0.998,3
"7","1","10","7","10","10",0,0,1,3
"9","6","10","10","10","10",0.001,0,0.999,3
"7","6","10","10","5","10",0.101,0,0.899,3
"6","7","6","5","7","7",1,0,0,1
"3","1","10","8","10","9",0.01,0,0.99,3
"2","8","8","9","9","9",0.997,0,0.003,1
"8","1","10","9","10","10",0,0,1,3
"10","5","6","10","1","1",0.028,0,0.972,3
"7","3","8","5","9","8",0.999,0,0.001,1
"1","1","10","1","9","10",0,0,1,3
"8","5","6","7","6","5",1,0,0,1
"9","2","9","3","9","8",0.989,0,0.011,1
"5","1","10","5","9","10",0.009,0,0.991,3
"6","5","5","5","6","5",0.003,0.997,0,2
"1","2","10","10","10","10",0,0,1,3
"3","4","8","8","9","10",0.988,0,0.012,1
"5","5","10","10","10","10",0.001,0,0.999,3
"5","1","10","6","10","10",0,0,1,3
"1","1","10","9","10","9",0.001,0,0.999,3
"5","3","10","8","9","10",0.38,0,0.62,3
"5","2","9","7","8","8",0.993,0,0.007,1
"1","1","10","6","10","10",0,0,1,3
"5","5","7","7","6","6",1,0,0,1
"5","2","1","5","9","10",0.105,0,0.895,3
"7","1","10","7","9","10",0.015,0,0.985,3
"8","3","10","7","10","10",0.014,0,0.986,3
"3","8","8","4","8","10",0.974,0,0.026,1
"5","4","9","4","9","10",0.965,0,0.035,1
"8","1","10","7","10","10",0,0,1,3
"8","1","10","6","10","10",0,0,1,3
"4","1","10","6","10","7",0.024,0,0.976,3
"5","5","5","5","5","5",0,1,0,2
"6","1","10","6","8","10",0.015,0,0.984,3
"1","1","10","1","10","10",0,0,1,3
"6","1","10","5","10","10",0,0,1,3
"5","5","10","1","1","10",0,0.003,0.997,3
"2","1","10","5","7","7",0.186,0,0.814,3
"9","2","1","1","10","10",0,0,1,3
"5","5","5","5","5","5",0,1,0,2
"7","6","7","8","7","9",1,0,0,1
"5","5","5","5","5","10",0,1,0,2
"6","4","9","4","7","6",1,0,0,1
"1","1","7","8","10","10",0.004,0,0.996,3
"5","7","10","3","8","10",0.234,0,0.766,3
"3","1","10","6","10","10",0,0,1,3
"2","1","10","2","10","10",0,0,1,3
"7","2","9","5","6","9",0.997,0,0.003,1
"1","1","9","1","9","9",0,0,1,3
"1","1","8","1","10","10",0,0,1,3
"5","9","10","10","10","7",0.013,0,0.987,3
"4","5","5","5","5","5",0,1,0,2
"3","4","8","4","7","6",1,0,0,1
"7","2","10","10","9","10",0.009,0,0.991,3
"9","1","10","9","10","9",0.011,0,0.989,3
"5","1","10","7","10","10",0,0,1,3
"10","1","10","10","7","10",0,0,1,3
"4","2","9","5","8","10",0.869,0,0.131,1
"3","1","10","2","10","10",0,0,1,3
"5","5","8","6","9","9",0.999,0,0.001,1
"7","1","10","8","10","10",0,0,1,3
"5","1","10","5","10","8",0.007,0.002,0.991,3
"10","7","10","8","9","10",0.062,0,0.938,3
"7","1","10","7","10","10",0,0,1,3
"9","5","10","8","10","10",0.014,0,0.986,3
"1","1","10","3","10","10",0,0,1,3
"9","1","10","2","10","10",0,0,1,3
"5","5","5","5","8","9",0.078,0.921,0.001,2
"8","7","9","8","8","9",0.996,0,0.004,1
"5","1","10","5","10","10",0,0,1,3
"6","1","10","4","10","10",0,0,1,3
"5","7","9","9","6","8",0.999,0,0.001,1
"1","1","10","1","10","10",0,0,1,3
"1","1","10","4","1","10",0,0,1,3
"4","2","10","2","10","9",0.067,0,0.933,3
"5","6","10","10","2","10",0.038,0.001,0.961,3
"6","4","7","5","10","8",0.986,0,0.014,1
"8","6","8","8","9","8",1,0,0,1
"7","1","10","9","10","10",0,0,1,3
"5","6","7","7","8","3",1,0,0,1
"10","1","10","10","10","10",0,0,1,3
"7","1","10","2","10","10",0,0,1,3
"5","5","5","5","5","5",0,1,0,2
"3","2","9","4","9","10",0.818,0,0.182,1
"1","1","10","10","10","10",0,0,1,3
"1","1","1","1","5","10",0,0,1,3
"5","1","6","5","6","6",0.467,0.529,0.004,2
"3","3","10","5","10","10",0.008,0,0.992,3
"5","5","10","10","9","10",0.018,0,0.982,3
"7","5","8","8","9","9",0.999,0,0.001,1
"5","6","10","2","8","3",0.881,0,0.119,1
"7","1","10","4","9","10",0.014,0,0.986,3
"9","1","10","10","8","10",0.001,0,0.999,3
"7","1","10","7","10","10",0,0,1,3
"6","2","10","7","10","10",0.007,0,0.993,3
"8","5","10","6","8","10",0.287,0,0.713,3
"1","1","10","5","5","10",0.001,0.002,0.997,3
"8","3","10","6","10","10",0.014,0,0.986,3
"8","5","10","8","10","9",0.242,0,0.758,3
"10","10","10","10","10","8",0,0,1,3
"2","4","10","4","10","10",0.009,0,0.991,3
"5","5","5","5","5","5",0,1,0,2
"1","8","10","4","10","8",0.031,0,0.969,3
"7","4","8","9","8","10",0.991,0,0.009,1
"6","8","9","7","9","9",0.997,0,0.003,1
"6","4","8","8","7","7",1,0,0,1
"4","1","10","10","10","10",0,0,1,3
"5","9","10","4","1","10",0.042,0,0.958,3
"4","5","10","10","4","10",0.036,0.004,0.96,3
"9","2","9","9","9","9",0.993,0,0.007,1
"1","1","10","6","10","10",0,0,1,3
"7","2","9","8","10","10",0.147,0,0.853,3
"5","2","10","5","10","10",0.004,0,0.996,3
"7","1","10","3","10","10",0,0,1,3
"3","5","8","6","6","7",0.999,0,0,1
"10","1","10","3","10","10",0,0,1,3
"5","5","5","5","5","5",0,1,0,2
"3","3","10","6","10","10",0.013,0,0.987,3
"5","6","10","5","10","10",0.023,0.002,0.975,3
"5","3","10","5","8","8",0.895,0.005,0.1,1
"1","5","10","7","5","10",0.074,0,0.926,3
"6","5","8","4","5","9",0.999,0,0,1
"5","5","5","5","5","5",0,1,0,2
"3","1","10","4","9","10",0.012,0,0.988,3
"1","1","10","8","9","10",0.001,0,0.999,3
"7","1","10","7","10","10",0,0,1,3
"1","1","10","1","10","10",0,0,1,3
"1","1","10","1","8","1",0,0,1,3
"2","1","10","3","9","10",0.003,0,0.997,3
"1","1","10","2","10","10",0,0,1,3
"1","1","10","4","7","10",0.004,0,0.996,3
"1","3","1","4","7","9",0.727,0,0.273,1
"3","7","10","4","10","8",0.233,0,0.767,3
"6","1","10","5","3","10",0.011,0,0.988,3
"7","1","10","4","8","10",0.014,0,0.986,3
"5","5","6","5","7","10",0.22,0.777,0.003,2
"7","1","10","7","10","10",0,0,1,3
"5","5","8","5","7","9",0.983,0.017,0.001,1
"2","1","10","2","10","10",0,0,1,3
"7","7","8","8","9","10",0.976,0,0.024,1
"6","6","6","6","6","6",0.999,0.001,0,1
"9","1","10","8","10","10",0,0,1,3
"5","2","10","10","10","10",0,0,1,3
"9","3","10","7","7","8",0.979,0,0.021,1
"9","1","10","9","10","10",0,0,1,3
"7","1","10","7","9","10",0.015,0,0.985,3
"1","1","10","9","10","10",0,0,1,3
"4","2","10","4","9","10",0.317,0,0.683,3
"3","1","8","5","8","4",0.995,0.005,0,1
"6","6","6","4","7","7",1,0,0,1
"2","1","9","1","8","10",0,0,1,3
"5","5","5","5","7","8",0.019,0.981,0,2
"5","6","6","6","6","5",0.767,0.233,0,1
"7","3","10","9","9","9",0.938,0,0.062,1
"1","1","10","1","10","10",0,0,1,3
"4","4","9","6","5","5",0.964,0.035,0,1
"1","1","10","6","10","10",0,0,1,3
"7","3","8","5","8","8",0.999,0,0.001,1
"6","1","10","6","10","10",0,0,1,3
"6","1","10","9","7","10",0.057,0,0.943,3
"10","1","10","6","10","10",0,0,1,3
"9","6","6","10","9","10",0.809,0,0.191,1
"5","4","9","6","7","9",1,0,0,1
"6","1","10","4","10","10",0,0,1,3
"6","1","10","5","10","10",0,0,1,3
"6","1","10","8","10","10",0.001,0,0.999,3
"5","1","10","7","10","9",0.011,0,0.989,3
"5","5","5","5","6","5",0,1,0,2
"6","3","10","8","8","8",0.945,0,0.055,1
"5","1","10","6","1","8",0.041,0.002,0.957,3
"5","1","10","2","10","6",0.003,0,0.997,3
"7","4","8","8","7","8",1,0,0,1
"10","1","10","10","10","10",0,0,1,3
"5","1","10","3","7","10",0.032,0,0.968,3
"5","2","10","2","9","10",0.047,0,0.953,3
"6","5","10","10","10","10",0.001,0,0.999,3
"5","5","8","8","7","9",1,0,0,1
"8","1","10","3","10","10",0,0,1,3
"6","7","10","8","10","10",0.016,0,0.984,3
"5","1","10","1","10","10",0,0,1,3
"6","1","10","6","10","10",0,0,1,3
"3","2","10","2","8","10",0.039,0,0.961,3
"8","2","9","8","9","10",0.839,0,0.161,1
"1","5","10","1","8","10",0,0,1,3
"5","5","6","6","5","5",0.008,0.992,0,2
"6","3","8","7","8","9",0.999,0,0.001,1
"5","5","5","5","5","5",0,1,0,2
"5","5","5","5","10","10",0.002,0.986,0.012,2
"9","9","10","8","8","9",0.91,0,0.09,1
"1","1","1","1","1","1",0,0,1,3
"10","3","10","10","10","10",0,0,1,3
"5","4","10","9","9","9",0.97,0,0.03,1
"1","5","5","5","5","10",0.001,0.998,0.001,2
"3","2","10","7","10","10",0.006,0,0.994,3
"6","6","6","6","7","8",1,0,0,1
"1","1","10","6","6","10",0.005,0,0.995,3
"2","1","9","10","10","10",0,0,1,3
"5","5","5","5","5","5",0,1,0,2
"5","5","6","6","2","10",0.291,0.7,0.009,2
"7","4","10","10","8","9",0.514,0,0.486,1
"6","1","8","6","10","10",0.037,0,0.963,3
"8","1","10","6","10","10",0,0,1,3
"5","2","4","4","5","7",1,0,0,1
"3","1","10","10","10","10",0,0,1,3
"6","7","10","10","10","10",0.001,0,0.999,3
"5","5","5","5","5","5",0,1,0,2
"4","4","10","4","9","10",0.7,0,0.3,1
"6","5","6","5","5","5",0.008,0.992,0,2
"1","1","10","6","10","10",0,0,1,3
"5","5","5","5","10","10",0.002,0.986,0.012,2
"6","1","9","5","9","9",0.848,0,0.152,1
"4","3","6","5","8","10",0.969,0.015,0.016,1
"2","1","10","10","10","10",0,0,1,3
"10","1","5","3","9","10",0.02,0,0.98,3
"6","5","10","8","10","10",0.016,0,0.984,3
"4","4","8","3","7","8",1,0,0,1
"6","6","6","6","5","5",0.753,0.247,0,1
"7","5","5","5","5","4",0.002,0.998,0,2
"4","1","10","5","10","10",0.001,0,0.999,3
"7","5","8","8","7","10",0.993,0,0.007,1
"5","2","10","8","10","10",0.007,0,0.993,3
"3","1","10","3","10","10",0,0,1,3
"3","5","10","5","10","10",0.007,0,0.993,3
"5","5","5","5","5","2",0,1,0,2
"1","1","10","4","10","8",0.001,0,0.999,3
"1","1","10","1","10","10",0,0,1,3
"3","1","10","3","10","10",0,0,1,3
"5","6","6","7","7","6",1,0,0,1
"8","2","2","1","3","2",0,0,1,3
"5","4","10","10","10","10",0.001,0,0.999,3
"7","1","10","7","10","10",0,0,1,3
"1","1","10","1","10","10",0,0,1,3
"5","5","4","6","4","5",0.051,0.949,0,2
"3","2","10","8","10","10",0.006,0,0.994,3
"3","3","10","7","9","10",0.322,0,0.678,3
"1","1","10","5","10","10",0,0,1,3
"7","4","8","7","8","10",0.989,0,0.011,1
"6","10","5","9","10","10",0.026,0,0.974,3
"8","1","10","6","10","10",0,0,1,3
"1","1","10","2","10","10",0,0,1,3
"3","1","10","2","7","10",0.009,0,0.991,3
"1","1","10","1","10","10",0,0,1,3
"5","5","5","5","10","10",0.002,0.986,0.012,2
"10","1","1","10","10","6",0,0,1,3
"3","3","10","4","7","9",0.973,0,0.027,1
"2","1","10","8","10","10",0,0,1,3
"3","1","10","6","10","10",0,0,1,3
"5","1","10","4","10","10",0,0,1,3
"2","2","10","3","10","1",0.002,0,0.998,3
"1","4","1","1","1","1",0,0,1,3
"1","2","10","4","10","10",0,0,1,3
"7","3","10","6","6","7",0.985,0,0.015,1
"5","5","5","1","10","5",0,0.998,0.002,2
"7","1","10","6","8","10",0.014,0,0.986,3
"1","4","1","1","10","10",0,0,1,3
"1","2","10","3","10","10",0,0,1,3
"5","6","8","9","5","5",1,0,0,1
"5","1","10","5","3","10",0.011,0.006,0.983,3
"5","5","5","5","5","5",0,1,0,2
"5","5","5","5","5","5",0,1,0,2
"2","8","9","2","7","9",0.985,0,0.015,1
"9","2","10","8","5","10",0.347,0,0.653,3
"2","1","10","5","10","10",0,0,1,3
"5","5","5","5","5","5",0,1,0,2
"7","1","10","3","9","10",0.009,0,0.991,3
"2","1","10","5","10","10",0,0,1,3
"7","4","10","5","9","10",0.406,0,0.594,3
"3","2","10","2","7","9",0.766,0,0.234,1
"10","1","10","7","10","10",0,0,1,3
"5","1","10","1","10","10",0,0,1,3
"10","1","10","10","10","10",0,0,1,3
"10","2","6","1","7","10",0,0,1,3
"8","3","10","7","10","10",0.014,0,0.986,3
"8","1","10","10","10","10",0,0,1,3
"6","6","4","6","5","3",0.963,0.037,0,1
"5","5","7","5","7","7",1,0,0,1
"2","1","10","2","6","10",0.004,0,0.996,3
"8","6","10","4","9","7",0.968,0,0.032,1
"8","1","10","7","10","10",0,0,1,3
"5","5","10","5","8","10",0.2,0.09,0.71,3
"8","3","10","5","6","10",0.561,0,0.439,1
"4","4","10","10","5","10",0.172,0.002,0.826,3
"5","5","5","5","5","8",0.001,0.999,0,2
"6","1","1","3","6","6",0.562,0.004,0.434,1
"4","5","10","10","4","10",0.036,0.004,0.96,3
"1","1","1","1","1","1",0,0,1,3
"3","3","3","3","3","3",0.994,0.004,0.002,1
"1","2","1","3","1","2",0.011,0,0.989,3
"2","4","10","3","10","10",0.006,0,0.994,3
"5","5","5","5","5","5",0,1,0,2
"8","6","10","9","10","10",0.037,0,0.963,3
"1","1","10","3","10","10",0,0,1,3
"1","1","10","10","10","10",0,0,1,3
"5","5","5","5","5","5",0,1,0,2
"3","4","3","7","4","8",0.999,0,0.001,1
"5","3","5","5","7","8",0.409,0.59,0.001,2
"5","2","7","3","5","8",0.999,0,0.001,1
"5","1","10","5","10","10",0,0,1,3
"3","1","10","2","10","10",0,0,1,3
"6","5","10","7","10","10",0.015,0,0.985,3
"5","5","5","5","5","5",0,1,0,2
"1","1","10","3","10","10",0,0,1,3
"4","2","10","6","10","10",0.014,0,0.986,3
"5","2","10","7","10","10",0.007,0,0.993,3
"7","6","8","5","9","10",0.984,0,0.016,1
"10","1","10","6","10","10",0,0,1,3
"7","1","10","6","9","10",0.014,0,0.986,3
"6","2","10","7","10","10",0.007,0,0.993,3
"1","7","10","2","10","6",0.007,0,0.993,3
"1","1","10","1","10","10",0,0,1,3
"6","2","9","5","9","10",0.779,0,0.221,1
"9","2","9","2","7","9",0.989,0,0.011,1
"1","1","10","1","10","10",0,0,1,3
"5","1","9","9","9","9",0.909,0,0.091,1
"8","1","10","10","10","10",0,0,1,3
"1","1","10","1","10","10",0,0,1,3
"6","5","10","5","4","9",0.853,0.032,0.115,1
"10","1","10","7","10","6",0.002,0,0.998,3
"6","6","9","9","8","10",0.974,0,0.026,1
"7","6","7","7","7","6",1,0,0,1
"6","1","10","10","10","10",0,0,1,3
"6","1","10","9","9","6",0.385,0,0.615,3
"8","2","10","8","9","9",0.842,0,0.158,1
"1","1","10","1","6","10",0,0,1,3
"8","7","7","6","6","5",1,0,0,1
"1","1","10","1","10","10",0,0,1,3
"1","1","10","1","10","10",0,0,1,3
"10","2","10","1","10","10",0,0,1,3
"5","1","10","1","10","10",0,0,1,3
"1","1","10","1","10","10",0,0,1,3
"10","1","10","6","10","10",0,0,1,3
"1","1","10","8","10","10",0,0,1,3
"5","5","5","5","5","5",0,1,0,2
"5","5","5","5","5","5",0,1,0,2
"5","1","5","5","7","7",0.064,0.931,0.005,2
"5","5","5","5","5","5",0,1,0,2
"5","5","5","5","5","5",0,1,0,2
"1","1","7","9","6","10",0.39,0,0.61,3
"1","1","10","1","10","10",0,0,1,3
"3","3","9","7","8","8",0.997,0,0.003,1
"4","3","8","5","8","9",0.999,0,0.001,1
"4","1","10","4","10","10",0.001,0,0.999,3
"6","8","6","6","5","1",0.994,0,0.006,1
"5","5","10","2","8","10",0.091,0,0.909,3
"5","1","10","8","10","10",0,0,1,3
"4","3","8","8","7","10",0.997,0,0.003,1
"8","1","10","8","10","10",0,0,1,3
"5","1","10","10","10","10",0,0,1,3
"5","5","5","5","5","5",0,1,0,2
"9","1","10","9","8","10",0.016,0,0.984,3
"6","1","10","6","10","8",0.012,0,0.988,3
"1","1","10","7","10","9",0.001,0,0.999,3
"1","1","3","4","3","9",0.603,0.001,0.396,1
"6","1","10","8","8","10",0.017,0,0.983,3
"8","2","10","10","10","10",0,0,1,3
"4","1","10","5","10","10",0.001,0,0.999,3
"7","1","10","6","9","10",0.014,0,0.986,3
"1","1","10","1","10","10",0,0,1,3
"6","3","7","8","9","10",0.987,0,0.013,1
"5","5","5","5","5","5",0,1,0,2
"1","1","10","6","10","10",0,0,1,3
"4","6","8","8","4","7",1,0,0,1
"4","3","5","3","5","5",0.038,0.962,0,2
"2","1","10","2","9","10",0.001,0,0.999,3
"3","5","5","5","2","5",0.002,0.998,0,2
"3","1","10","1","10","10",0,0,1,3
"1","1","10","10","10","10",0,0,1,3
"6","1","10","5","8","10",0.009,0,0.991,3
"3","1","10","8","9","10",0.013,0,0.987,3
"9","6","8","4","7","3",1,0,0,1
"5","7","6","6","7","9",1,0,0,1
"6","4","8","8","7","2",1,0,0,1
"8","6","10","10","8","10",0.042,0,0.958,3
"1","1","10","1","10","10",0,0,1,3
"9","5","8","5","5","5",0.132,0.868,0,2
"3","9","9","6","10","10",0.195,0,0.805,3
"5","5","5","5","5","5",0,1,0,2
"7","3","10","8","9","9",0.935,0,0.065,1
"1","1","10","1","10","10",0,0,1,3
"10","6","10","10","9","8",0.15,0,0.85,3
"6","3","10","7","8","10",0.375,0,0.625,3
"3","5","8","7","4","9",0.999,0,0.001,1
"5","5","5","5","5","5",0,1,0,2
"1","1","1","1","4","10",0,0,1,3
"9","1","10","10","10","10",0,0,1,3
"1","3","2","1","4","3",0,0,1,3
"7","5","10","9","10","10",0.015,0,0.985,3
"10","1","10","10","10","10",0,0,1,3
"5","5","5","5","5","3",0,1,0,2
"6","6","7","8","5","8",1,0,0,1
"1","1","10","10","10","10",0,0,1,3
"1","4","9","7","7","7",0.995,0,0.005,1
"10","5","9","9","8","4",1,0,0,1
"2","1","10","4","10","10",0,0,1,3
"6","3","7","2","3","10",0.946,0,0.054,1
"1","1","10","8","10","10",0,0,1,3
"6","1","10","5","10","10",0,0,1,3
"5","1","10","10","10","10",0,0,1,3
"6","1","10","5","10","10",0,0,1,3
"6","6","6","6","6","6",0.999,0.001,0,1
"9","7","8","9","9","9",0.999,0,0.001,1
"3","2","10","6","7","9",0.939,0,0.061,1
"5","3","10","5","10","10",0.01,0.001,0.989,3
"5","1","10","7","10","10",0,0,1,3
"10","3","10","5","7","10",0.125,0,0.875,3
"6","5","5","6","4","6",0.168,0.831,0.001,2
"5","5","10","2","9","9",0.711,0,0.289,1
"5","5","8","8","6","7",1,0,0,1
"4","10","10","4","4","4",0.953,0.047,0,1
"8","4","8","8","5","10",0.995,0,0.005,1
"6","3","10","4","10","9",0.294,0,0.706,3
"5","5","10","7","9","5",0.914,0,0.086,1
"5","3","10","7","10","10",0.017,0,0.983,3
"5","5","8","6","8","8",0.995,0.004,0.001,1
"2","1","10","5","10","10",0,0,1,3
"1","1","10","5","10","10",0,0,1,3
"10","10","8","9","9","9",0.931,0,0.069,1
"2","2","1","2","10","10",0,0,1,3
"6","2","10","4","8","10",0.192,0,0.808,3
"7","1","10","1","10","10",0,0,1,3
"2","4","10","4","8","10",0.239,0,0.761,3
"5","1","10","6","7","10",0.048,0,0.952,3
"5","2","10","7","10","10",0.007,0,0.993,3
"6","6","7","6","6","5",1,0,0,1
"5","1","10","5","8","10",0.009,0.001,0.99,3
"10","1","8","9","10","10",0.005,0,0.995,3
"4","6","9","7","7","8",1,0,0,1
"1","1","5","5","8","3",0.022,0.899,0.079,2
"3","5","1","2","10","9",0.047,0,0.953,3
"7","3","7","7","7","10",0.995,0,0.005,1
"5","7","9","9","3","1",0.954,0,0.046,1
"5","5","9","9","9","10",0.929,0,0.071,1
"5","1","5","3","3","3",0.019,0.977,0.004,2
"10","1","10","10","1","10",0,0,1,3
"1","1","10","1","5","10",0,0,1,3
"6","4","8","6","8","8",1,0,0,1
"6","1","10","9","8","10",0.018,0,0.982,3
"2","1","10","10","10","10",0,0,1,3
"4","1","10","8","6","10",0.128,0,0.872,3
"5","1","10","8","10","10",0,0,1,3
"5","5","10","5","7","6",0.678,0.301,0.021,1
"6","1","10","2","9","10",0.003,0,0.997,3
"10","1","10","10","10","10",0,0,1,3
"10","10","1","10","7","1",0.001,0,0.999,3
"1","1","10","1","10","10",0,0,1,3
"1","1","10","1","10","10",0,0,1,3
"8","4","9","9","8","10",0.964,0,0.036,1
"10","1","10","4","10","10",0,0,1,3
"7","5","10","8","10","10",0.015,0,0.985,3
"1","1","10","1","10","10",0,0,1,3
"7","2","10","7","9","10",0.188,0,0.812,3
"9","1","10","10","10","10",0,0,1,3
"5","9","9","2","5","8",0.992,0,0.008,1
"1","1","10","10","1","10",0,0,1,3
"5","5","5","5","5","5",0,1,0,2
"5","6","5","6","6","9",0.938,0.062,0,1
"6","6","6","6","6","6",0.999,0.001,0,1
"1","5","10","2","8","8",0.162,0,0.838,3
"7","2","9","6","10","10",0.136,0,0.864,3
"1","1","10","5","10","10",0,0,1,3
"1","1","6","6","5","5",0.085,0.897,0.018,2
"8","4","8","8","8","8",1,0,0,1
"10","10","10","10","10","10",0,0,1,3
"10","1","10","5","10","10",0,0,1,3
"8","7","6","6","9","6",0.999,0,0.001,1
"6","1","10","10","10","10",0,0,1,3
"9","3","10","5","10","8",0.198,0.001,0.801,3
"3","4","4","6","8","6",1,0,0,1
"5","8","6","9","10","10",0.631,0,0.369,1
"2","2","6","6","6","7",0.999,0,0.001,1
"3","4","10","4","4","10",0.489,0,0.511,3
"1","1","9","2","10","10",0,0,1,3
"6","1","10","7","8","10",0.016,0,0.984,3
"10","5","5","10","5","5",0.001,0.999,0,2
"8","2","8","8","6","6",1,0,0,1
"6","3","10","7","9","10",0.378,0,0.622,3
"5","5","9","6","10","9",0.885,0.005,0.11,1
"1","7","10","2","10","10",0,0,1,3
"5","1","10","5","9","10",0.009,0,0.991,3
"2","2","10","5","10","10",0.001,0,0.999,3
"7","1","10","10","5","10",0.001,0,0.999,3
"9","1","10","10","10","10",0,0,1,3
"5","1","10","10","10","10",0,0,1,3
